hotel,price,score,reviews_count,review_text,free_cancellation
Hotel & Restaurante PeÃ±a, 332,9,1856,wonderful,Free Cancellation
Almunia de San Miguel, 368,8.8,847,excellent,No Free Cancellation
Hotel Vistamar Wellness by DLV, 316,8.9,1141,excellent,No Free Cancellation
Hostal Prada, 477,8.7,966,excellent,No Free Cancellation
La Portuguesa Apartments, 374,8.8,636,excellent,No Free Cancellation
Apartamentos Isla Encantada, 280,9,537,wonderful,No Free Cancellation
Apartamentos Els Romers BenicarlÃ³-PeÃ±Ã­scola, 288,8.6,420,excellent,No Free Cancellation
Apartamento Zoco CÃ³rdoba, 291,9.2,68,wonderful,No Free Cancellation
Aire Turismo Rural, 230,9.4,540,wonderful,Free Cancellation
Bhost - Palacete del Ãguila, 169,8.6,1867,excellent,No Free Cancellation
CASA CRUZ - auto check-in, 240,8.8,626,excellent,No Free Cancellation
Hotel Nou Sant Antoni, 384,8.8,1117,excellent,Free Cancellation
Finca Elements, 400,9.3,205,wonderful,Free Cancellation
Zielo de Levante, 852,8.7,692,excellent,No Free Cancellation
Hotel Palacio Albacete & SPA, 339,8.1,1720,very good,No Free Cancellation
Wyndham Grand Costa del Sol, 324,8.3,2485,very good,No Free Cancellation
Hotel Restaurant Les Brases, 335,8.1,1933,very good,Free Cancellation
PensiÃ³n CÃ¡diz, 201,8.3,2498,very good,Free Cancellation
wecamp Cabo de Gata, 176,8.8,1448,excellent,Free Cancellation
Hotel Cap Roig by Brava Hoteles, 279,8.1,9394,very good,Free Cancellation
Monnaber Nou Finca Hotel & Spa, 478,8.8,856,excellent,Free Cancellation
Hotel Restaurante DoÃ±a Anita, 337,8.4,736,very good,No Free Cancellation
Ona Mar Menor Golf & Spa, 296,8.4,1958,very good,No Free Cancellation
Eden Roc Hotel & Spa by Brava Hoteles, 320,8.3,6887,very good,Free Cancellation
Las Dunas, 435,8.2,1114,very good,Free Cancellation
Apartamentos Torrelaguna, 206,8.2,1776,very good,Free Cancellation
Hotel Puerta de la Luna, 191,8.6,1679,excellent,No Free Cancellation
Boutique Suites, 493,9.6,483,exceptional,No Free Cancellation
Hotel Palou 1874, 293,9,913,wonderful,Free Cancellation
Port Alicante City & Beach, 364,8.6,7987,excellent,No Free Cancellation
Hotel Spa Mirador, 368,8.5,1998,very good,No Free Cancellation
Hotel Bodega FyA - GRUPO PIÃROLA, 588,9.1,1476,wonderful,No Free Cancellation
Palacio de Arce, 263,8.8,978,excellent,Free Cancellation
La Siesta Hostel, 239,7.9,319,good,Free Cancellation
PlaÃ§a De La Font, 317,8.1,3229,very good,Free Cancellation
Hotel Torino, 256,8.1,1121,very good,No Free Cancellation
Apartamentos El Rincon Encantado, 260,9.5,239,exceptional,Free Cancellation
Hotel Ventus, 398,7.9,1912,good,Free Cancellation
Elba Motril Beach & Business Hotel, 360,8.5,4261,very good,Free Cancellation
Hotel Cerro La Nina, 247,8.9,1742,excellent,Free Cancellation
Lewis&Peter Apartments Los Remedios, 252,8.7,2331,excellent,Free Cancellation
Malaga Hills Double Comfort Boutique & Wellness Eco-Hotel -Adults Only-, 542,9.3,165,wonderful,Free Cancellation
Elba Costa Ballena Beach & Thalasso Resort, 368,8.5,4629,very good,Free Cancellation
Catalonia Ronda, 580,9.3,5218,wonderful,Free Cancellation
BAH Barcelona Airport Hotel, 579,8.3,12497,very good,No Free Cancellation
Hotel LleÃ³, 400,8.3,6618,very good,Free Cancellation
HOTEL-FINCA Rural JosÃ© Manuel 28pax, 436,8.6,1252,excellent,No Free Cancellation
B&B HOTEL Tarragona Centro Urbis, 229,8.3,5874,very good,No Free Cancellation
Park Hotel San Jorge & Spa by Escampa Hotels, 259,8.7,4175,excellent,Free Cancellation
Apartamentos TurÃ­sticos Real Valle Ezcaray, 296,8.5,889,very good,Free Cancellation
Complejo O PiÃ±eiral A Fonsagrada, 220,8.8,737,excellent,Free Cancellation
Hotel & Spa Real BadaguÃ¡s Jaca, 231,8,926,very good,No Free Cancellation
Casa bascara, 449,9.4,535,wonderful,Free Cancellation
Hotel Zielo Las Beatas, 819,8.6,308,excellent,No Free Cancellation
Hotel Cisneros, 251,8,1386,very good,Free Cancellation
Hotel Casa Morlans 3000, 327,8.3,955,very good,No Free Cancellation
Lua Hotel Boutique, 364,9.1,235,wonderful,Free Cancellation
LA CASILLA, 492,9.4,80,wonderful,Free Cancellation
Finca Serrato, 341,9.1,157,wonderful,No Free Cancellation
Arena Nest Hostel, 520,8.6,584,excellent,Free Cancellation
R2 Maryvent Beach Apartments, 436,8.9,512,excellent,Free Cancellation
Hotel de Francia y ParÃ­s, 272,8.4,4946,very good,Free Cancellation
Exe Pozuelo, 306,8.3,1768,very good,No Free Cancellation
Los Amigos NEST hostel, 379,8.3,1491,very good,Free Cancellation
Elba LucÃ­a Sport & Suite Hotel, 336,7.2,3027,good,Free Cancellation
KiCo, 247,9.2,366,wonderful,Free Cancellation
Exe Puerto de Sagunto, 327,8.3,2480,very good,Free Cancellation
Hotel Riu Concordia, 335,8.7,3057,excellent,Free Cancellation
Apartamentos Cuesta de la Cruz, 320,9.2,364,wonderful,Free Cancellation
Casa Timoteo Apartamentos Boutique Adults Only, 365,9.6,442,exceptional,Free Cancellation
RincÃ³n Sol, 310,8.2,2820,very good,Free Cancellation
Villa Feliza, 419,8.6,448,excellent,No Free Cancellation
Corallium Beach by Lopesan Hotels - Adults Only, 820,8.6,2458,excellent,Free Cancellation
Occidental JandÃ­a Mar, 576,8.1,2304,very good,Free Cancellation
Hotel Santa Cecilia, 207,8.2,2420,very good,Free Cancellation
Apartamentos Apartour Bormujos, 193,8.4,385,very good,Free Cancellation
Hotel Maya Alicante, 278,8.3,6994,very good,No Free Cancellation
Hotel Boutique Pinar, 582,9.1,1458,wonderful,Free Cancellation
Hotel Vacanzy Urban Boutique Adults Only, 465,8.3,1255,very good,No Free Cancellation
MYND Yaiza, 605,8.6,1682,excellent,No Free Cancellation
Hotel Bemon Playa, 203,8.3,1641,very good,Free Cancellation
Hotel Peruskenea, 360,8.2,780,very good,No Free Cancellation
Chabela's water wall, 285,8.5,227,very good,Free Cancellation
Hotel Rural Alqueria de los lentos, 256,8.8,409,excellent,Free Cancellation
La Casa de Carmen, 349,9,242,wonderful,Free Cancellation
Elba Estepona Gran Hotel & Thalasso Spa, 680,8.4,3442,very good,Free Cancellation
Apartamentos Solmares, 404,8.5,396,very good,No Free Cancellation
Premium Boutique Apartments Javea, 200,9.4,242,wonderful,No Free Cancellation
AC Hotel Avenida de AmÃ©rica by Marriott, 624,8.7,2983,excellent,Free Cancellation
Apartamentos Casalpujarra, 300,9,192,wonderful,Free Cancellation
Hotel Sercotel Alfonso VI, 254,8.2,5831,very good,Free Cancellation
Hotel Spa QH Centro LeÃ³n, 224,8.4,3063,very good,Free Cancellation
Casas Rurales Luis, 250,9.3,88,wonderful,No Free Cancellation
"Hotel Faro, a Lopesan Collection Hotel - Adults Only"," 1,604",9.2,1950,wonderful,Free Cancellation
La Estancia Villa Rosillo, 374,9.2,644,wonderful,Free Cancellation
MB Boutique Hotel - Adults Recommended, 356,9.1,3278,wonderful,Free Cancellation
Mushara Apartamento TurÃ­stico, 379,9.4,75,wonderful,Free Cancellation
Apartamentos Sureda, 309,8.9,1151,excellent,No Free Cancellation
NM Suites by Escampa Hotels, 211,8.6,2554,excellent,Free Cancellation
Gran Hotel Balneario De Puente Viesgo, 315,8.7,3447,excellent,Free Cancellation
LA POSADA DE HIGUERUELA, 351,8.5,191,very good,Free Cancellation
Cas CatalÃ , 402,9,27,wonderful,Free Cancellation
Casa Bombo, 490,9.3,1587,wonderful,No Free Cancellation
El Molino Estepona, 422,9.8,593,exceptional,Free Cancellation
Hotel Taray Botanico, 291,9.2,448,wonderful,Free Cancellation
Boutique Hotel Sierra de Alicante, 364,9.5,749,exceptional,Free Cancellation
Mar do Ãzaro - Boutique Hotel, 336,9.4,554,wonderful,Free Cancellation
HOTEL LA FONDA DE DON GONZALO, 248,8.4,646,very good,No Free Cancellation
Hotel AlbaicÃ­n - Auto Check-in, 216,8.1,913,very good,No Free Cancellation
SLEEP'N Atocha - B Corp Certified, 447,8.9,8617,excellent,No Free Cancellation
Hotel Boutique Puig FrancÃ³ - Adults Only, 583,8.9,803,excellent,Free Cancellation
Hotel Rural Camino Medulas, 220,8.4,1052,very good,No Free Cancellation
Casa Rural Las Albertas, 330,8.8,89,excellent,Free Cancellation
Casas Pirineos, 576,8.9,233,excellent,No Free Cancellation
Homity Holidays - Playa Granada - Aguacate Beach, 335,9.5,277,exceptional,No Free Cancellation
HBE Boutique EspaÃ±a - Turismo de Interior, 375,8.8,344,excellent,Free Cancellation
Vincci Frontaura, 379,8.6,3682,excellent,Free Cancellation
ETH Pomer, 597,8.7,2631,excellent,Free Cancellation
Halley Hotel & Apartments Affiliated by MeliÃ¡, 233,8.9,3018,excellent,Free Cancellation
Hipotels Natura Palace Adults Only, 832,9,2233,wonderful,No Free Cancellation
Executive Sport, 320,7.6,1534,good,Free Cancellation
Maison San Alfredo B&B, 440,9.4,1855,wonderful,Free Cancellation
Hotel Valentin, 320,8.4,1190,very good,Free Cancellation
Novotel Madrid City Las Ventas, 708,8.6,3176,excellent,No Free Cancellation
Hotel Montermoso, 280,8,4557,very good,Free Cancellation
Ocean Lounge, 230,8.2,543,very good,Free Cancellation
Turia Granada, 251,8.4,6539,very good,Free Cancellation
Hoteles Desconecta2, 610,9.2,652,wonderful,No Free Cancellation
Casona De Torres, 358,9.2,389,wonderful,No Free Cancellation
Hotel Rural Los Nogales, 506,9,336,wonderful,Free Cancellation
Casa Palacio RincÃ³n de la Catedral, 717,9.2,1322,wonderful,No Free Cancellation
Axel TWO Barcelona 4 Sup - Adults Only, 326,8.3,2763,very good,No Free Cancellation
Hotel Mediterraneo Valencia, 467,8.7,4700,excellent,No Free Cancellation
Hotel La Pradera de Marta, 240,8.2,418,very good,No Free Cancellation
Hotel Natursun, 223,7.8,4476,good,No Free Cancellation
Agroturismo Son Burgues, 544,9.1,172,wonderful,No Free Cancellation
Apartamentos Sharis, 274,9.1,865,wonderful,Free Cancellation
Sol Pelicanos Ocas, 332,7.5,2271,good,No Free Cancellation
Mercure Benidorm, 453,8.9,4146,excellent,No Free Cancellation
Gran Hotel Sardinero, 308,8.9,3824,excellent,No Free Cancellation
Hotel Santa Cristina Petit Spa, 380,8.5,1029,very good,Free Cancellation
Iberostar Waves Cala Millor - Adults Only, 348,8.7,598,excellent,No Free Cancellation
Aparthotel Areu, 503,9,332,wonderful,No Free Cancellation
Hostal Inn Madrid, 507,8.4,2800,very good,Free Cancellation
Gran Hotel Costa del Sol, 300,7.8,299,good,Free Cancellation
Zenit Abeba, 565,8.6,3376,excellent,Free Cancellation
Hotel Crisol de las RÃ­as, 160,8.7,2096,excellent,Free Cancellation
Port Benidorm Hotel & Spa 4* Sup, 356,8.6,5018,excellent,No Free Cancellation
El Avenida Palace, 524,8.6,5300,excellent,No Free Cancellation
Quinta Real Granada, 408,8.6,627,excellent,No Free Cancellation
Hotel Don Marcos, 367,9.6,566,exceptional,Free Cancellation
La Boheme Casa Rural, 300,9.6,112,exceptional,Free Cancellation
Hostal Tastavins, 234,8.2,312,very good,No Free Cancellation
Apartamentos El RincÃ³n de Usana Zona Zero, 696,9.9,615,exceptional,Free Cancellation
atLumbreras16, 297,9.2,1899,wonderful,No Free Cancellation
El Nogal Home, 216,8.4,1753,very good,Free Cancellation
Los Arcos, 275,8.4,1380,very good,Free Cancellation
Abad Toledo, 276,8.6,2664,excellent,Free Cancellation
CASA BORAL- Comfort exclusivo en plena naturaleza - Valle del Silencio, 433,9.6,15,exceptional,Free Cancellation
Habitaciones La Cuevona de Guitiriz Lugo, 274,9.3,454,wonderful,No Free Cancellation
Hotel Amaltea by Executive Sport, 288,7.4,1930,good,No Free Cancellation
Hotel Al-Andalus, 200,8,1198,very good,Free Cancellation
Hotel Rosa, 200,8.7,2125,excellent,Free Cancellation
BarcelÃ³ Tenerife," 1,104",8.5,2273,very good,Free Cancellation
Casual Pop Art Benidorm, 192,8.1,5984,very good,Free Cancellation
Hotel Puerta de Cazorla, 200,8.4,823,very good,Free Cancellation
R2 Hotel Pajara Beach, 802,8.5,632,very good,Free Cancellation
Aventura & Relax CabaÃ±as PeÃ±a la Higuera, 494,9.3,189,wonderful,Free Cancellation
Hotel Coia de Vigo, 263,8.4,3358,very good,Free Cancellation
Hotel BahÃ­a, 282,8.9,6676,excellent,Free Cancellation
Hotel Palacio Urgoiti, 294,8.7,1594,excellent,No Free Cancellation
Hotel Spa Congreso, 253,7.5,1958,good,Free Cancellation
Senator Granada, 223,8.4,3737,very good,No Free Cancellation
Masia Castellvi B&B, 386,9.3,361,wonderful,Free Cancellation
Hotel Marisa, 195,8.4,5362,very good,No Free Cancellation
Hotel Oasis, 176,8.3,6023,very good,No Free Cancellation
Hotel Posada de Vallina by MiRa, 328,8.6,2888,excellent,Free Cancellation
Hotel Las Tablas, 306,8.4,382,very good,No Free Cancellation
Finca Ses Fontanelles, 610,8.1,354,very good,No Free Cancellation
Akeah Hotel Gran VÃ­a, 436,8.6,4477,excellent,No Free Cancellation
Mas Serrat de la Teia, 743,9.2,36,wonderful,No Free Cancellation
Catalonia El Pilar, 388,8.9,3781,excellent,Free Cancellation
La Perla de Torrenueva, 397,9.6,36,exceptional,Free Cancellation
Hotel Carlton, 577,8.8,5458,excellent,No Free Cancellation
Hotel RH Portocristo & Wellness, 308,8.7,1981,excellent,Free Cancellation
Casa Rural La PeÃ±a, 717,9.8,14,exceptional,Free Cancellation
Club JM Lanzarote, 434,8.6,280,excellent,No Free Cancellation
SBH Costa Calma Beach Resort Hotel, 609,7.4,512,good,Free Cancellation
Casa Duende del Tajo, 215,8,1712,very good,No Free Cancellation
Flying La Palma - Sostenible, 499,9.6,293,exceptional,Free Cancellation
Villa MARTINA, 454,8.4,80,very good,Free Cancellation
Gran Hotel GuadalpÃ­n Banus, 448,8,1889,very good,No Free Cancellation
AluaSun Doblemar, 252,7.6,4546,good,Free Cancellation
Evenia Monte Alba, 547,8.1,269,very good,Free Cancellation
Occidental JandÃ­a Playa, 552,8,2151,very good,Free Cancellation
Royal Palm Resort & Spa - Adults Only, 620,8.7,2953,excellent,Free Cancellation
Morar Ourense, 279,9.8,882,exceptional,No Free Cancellation
Complejo Rural La Glorieta, 338,8.7,381,excellent,Free Cancellation
esZentrico Suites Jerez, 274,8.7,1647,excellent,Free Cancellation
Little Home Girona, 420,9.5,788,exceptional,Free Cancellation
Calas Beach Corralejo, 410,9,442,wonderful,Free Cancellation
Axel Hotel Madrid - Adults Only, 446,8.4,4144,very good,Free Cancellation
Casa TurÃ­stica Patio CordobÃ©s - Parking privado en la JuderÃ­a, 418,8.8,815,excellent,No Free Cancellation
NH Marbella, 419,8.4,2425,very good,No Free Cancellation
Radisson RED Madrid, 751,8.7,6813,excellent,No Free Cancellation
INNSiDE by MeliÃ¡ Fuerteventura â Adults Only," 1,080",9,777,wonderful,Free Cancellation
Bright apartment Sea Senses with sea views, 580,8.1,9,very good,No Free Cancellation
Hostal Abel Victoriano, 338,7.9,3116,good,Free Cancellation
Apartamentos La Santilar, 419,9.7,102,exceptional,No Free Cancellation
Pension Venecia Gomerez, 208,8.3,1004,very good,No Free Cancellation
Casa Manuel y Ana MarÃ­a., 300,9.6,133,exceptional,Free Cancellation
Vincci SelecciÃ³n Posada del Patio, 941,9.1,4343,wonderful,Free Cancellation
Hotel LIVVO Lumm, 616,8.8,2084,excellent,Free Cancellation
Hard Rock Hotel Marbella - Puerto BanÃºs, 409,8.3,3315,very good,No Free Cancellation
Sol Costa Atlantis Tenerife, 668,8.2,2326,very good,No Free Cancellation
Canopy by Hilton Madrid Castellana, 831,8.7,2698,excellent,No Free Cancellation
Casa Kalameta, 416,8.7,126,excellent,No Free Cancellation
Casa del Capitel NazarÃ­, 431,8.6,2135,excellent,Free Cancellation
Casa Rural La MadroÃ±a, 262,9.5,100,exceptional,Free Cancellation
TORREMOCHA, 473,9.4,169,wonderful,Free Cancellation
B Hotel, 397,8.6,3295,excellent,No Free Cancellation
La Quinta Del Chocolatero, 368,8.8,111,excellent,No Free Cancellation
ToledoRooms Palacios, 163,8.6,2154,excellent,Free Cancellation
Hotel Don Paco, 272,8,11423,very good,No Free Cancellation
Can Passarells, 436,9.2,401,wonderful,Free Cancellation
La Casa Del Miracle, 439,9.8,379,exceptional,Free Cancellation
Elba Madrid AlcalÃ¡, 628,8.8,8206,excellent,Free Cancellation
Hotel Cortezo, 776,8.1,7230,very good,Free Cancellation
Catalonia Oro Negro, 621,8,2694,very good,Free Cancellation
Motel One Madrid-Plaza de EspaÃ±a, 486,8.8,3255,excellent,No Free Cancellation
Apartamentos Real Lleida, 387,8.8,668,excellent,Free Cancellation
SBH Hotel Royal MÃ³nica, 632,7.5,851,good,Free Cancellation
H10 Universitat, 660,9,2332,wonderful,No Free Cancellation
Hampton By Hilton Alcobendas Madrid, 530,8.9,3316,excellent,No Free Cancellation
Hotel Marquesa, 453,7.7,1746,good,Free Cancellation
Ok Hostel Madrid, 480,8.9,12193,excellent,Free Cancellation
Avent Verahotel, 460,8.6,966,excellent,Free Cancellation
Hotel Marconi, 245,7.8,3681,good,Free Cancellation
La Finca Resort, 554,8.5,256,very good,No Free Cancellation
Hotel California, 580,8,2660,very good,No Free Cancellation
Ca' La Conchin, 260,8.3,113,very good,Free Cancellation
Apartamentos Varadero Sea View, 306,8.3,137,very good,No Free Cancellation
Aldara Sitges, 255,8.4,493,very good,Free Cancellation
Apartamentos La Bola Suite, 321,9.3,1591,wonderful,No Free Cancellation
EL TRASTERO DE PALMERO, 184,9,891,wonderful,Free Cancellation
Hotel DoÃ±a MarÃ­a, 398,8.8,4055,excellent,No Free Cancellation
ApartaSuites Alberca Deluxe, 326,9.2,1055,wonderful,No Free Cancellation
Hotel Boutique Caireles, 213,8.6,1817,excellent,No Free Cancellation
Home and CoLiving Pamplona, 535,7.8,566,good,No Free Cancellation
Apartamento Perla de Mar, 610,9.7,16,exceptional,No Free Cancellation
Apartamentos Deluxe San Julian, 269,8,516,very good,No Free Cancellation
ATICO LUXURY Marina D'or, 865,9.7,12,exceptional,Free Cancellation
Abba Madrid, 610,8.8,2337,excellent,Free Cancellation
Vincci Maritimo, 717,8.3,4873,very good,Free Cancellation
Hotel Boutique Palacio Ico - Adults Recommended," 1,610",9.3,280,wonderful,No Free Cancellation
Vincci Larios Diez, 710,9.3,3984,wonderful,No Free Cancellation
Tomate Rooms, 392,9.2,1290,wonderful,No Free Cancellation
Casa MartÃ­," 1,339",9,30,wonderful,No Free Cancellation
LaNave, 379,8,2136,very good,No Free Cancellation
La Villa del Karting, 331,8.7,243,excellent,Free Cancellation
Hotel Palacio Garvey, 418,8.5,1337,very good,Free Cancellation
NH MÃ¡laga, 568,8.7,2818,excellent,No Free Cancellation
Sun & Palm Trees, 290,9.5,86,exceptional,Free Cancellation
Gijon Surf Hostel, 170,8.3,1538,very good,No Free Cancellation
Hotel Rural El Nido de Pinares, 582,9.6,136,exceptional,Free Cancellation
Hotel Rialto, 338,8.5,3658,very good,No Free Cancellation
Glamping The Teepee, 541,9.2,150,wonderful,No Free Cancellation
"Radisson Blu Hotel, Madrid Prado", 840,8.8,2122,excellent,No Free Cancellation
AbadÃ­a Hotel, 207,8.5,4562,very good,No Free Cancellation
Astillerogane, 510,9.5,101,exceptional,Free Cancellation
I'M Room Suites Nuevos Ministerios - Bernabeu 'Digital Access', 440,8.9,784,excellent,Free Cancellation
Emperador, 584,8.7,8505,excellent,No Free Cancellation
Hampton By Hilton Malaga Martiricos, 405,9,23,wonderful,Free Cancellation
Tuc Blanc, 794,8.5,515,very good,Free Cancellation
AC Hotel Sants by Marriott, 534,8.2,1302,very good,No Free Cancellation
Hotel Pujol, 316,8.3,1745,very good,Free Cancellation
Los Corceles Casa Palacio, 323,8,762,very good,No Free Cancellation
Ibis Styles Madrid City Las Ventas, 474,8.6,3770,excellent,No Free Cancellation
HM Ayron Park - Adults Only, 430,8.5,1309,very good,Free Cancellation
Casa Rural Senderismo, 428,9.2,153,wonderful,No Free Cancellation
Hotel Real Colegiata San Isidoro, 304,8.9,5624,excellent,Free Cancellation
FLEMING PLAYA PONIENTE, 187,7.9,2088,good,Free Cancellation
Hotel Noguera El Albir, 260,8.8,2447,excellent,Free Cancellation
Hotel Canal OlÃ­mpic, 295,7.8,1679,good,Free Cancellation
"Holiday Inn Express San Sebastian de los Reyes, an IHG Hotel", 496,8.2,4760,very good,No Free Cancellation
AR Roca Esmeralda & SPA Hotel, 324,7.8,1550,good,Free Cancellation
Hotel Spa Rio Ucero, 328,8,2663,very good,Free Cancellation
Apartamentos MÃ¡laga Premium - Calle San Telmo, 408,8.6,1443,excellent,No Free Cancellation
Hotel AtlÃ¡ntico, 723,9.2,3561,wonderful,Free Cancellation
La Casa de la Trinidad, 389,8.7,2488,excellent,No Free Cancellation
Hotel 1898, 669,9,4180,wonderful,No Free Cancellation
Casa rural Gerardo, 240,9.3,107,wonderful,Free Cancellation
Abril Nerja, 232,8.9,1195,excellent,No Free Cancellation
OLATZEA LANDA HOTELA, 280,9,202,wonderful,No Free Cancellation
AlquerÃ­a Calatrava B&B, 599,9.5,434,exceptional,Free Cancellation
La Casa del MÃ©dico Hotel Boutique, 360,9.2,246,wonderful,No Free Cancellation
La Casa del Cine en NÃ­jar, 245,8.8,52,excellent,Free Cancellation
Lushville - Luxurious Villa with Pool in Valencia, 376,8.6,77,excellent,No Free Cancellation
Tandem Soho Suites, 456,9,2630,wonderful,Free Cancellation
Hospedium Hotel Retiro del Maestre, 329,9.2,716,wonderful,Free Cancellation
Alojamientos MirapeÃ±as, 323,9,165,wonderful,No Free Cancellation
Hostal Flat55Madrid, 284,8,786,very good,Free Cancellation
Catalonia Atocha, 600,8.7,5973,excellent,Free Cancellation
"Hortensia Suites Apartments ,Los Cristianos"," 1,016",9.3,307,wonderful,Free Cancellation
Catalonia Puerta del Sol, 640,9,2845,wonderful,Free Cancellation
Eco Finca Sa Font Blava, 750,9.1,40,wonderful,Free Cancellation
Sercotel Amister Art Hotel Barcelona, 350,8.1,2419,very good,No Free Cancellation
Cuencaloft paseo del Huecar, 370,8.9,146,excellent,No Free Cancellation
Protur Naisa Palma Hotel, 594,9,4648,wonderful,No Free Cancellation
Hotel Playa Sur Tenerife, 855,8.3,1266,very good,Free Cancellation
Arte Vida, 340,8.3,672,very good,No Free Cancellation
Sol Arona Tenerife, 735,7.2,4915,good,No Free Cancellation
Mallorca Boutique Hotel, 347,7.9,1393,good,No Free Cancellation
Apartamentos TurÃ­sticos Casa de La Borrega, 361,8.6,639,excellent,Free Cancellation
Casa, 284,8.8,29,excellent,Free Cancellation
Futurotel Sevilla, 146,7.6,1295,good,No Free Cancellation
Hotel Nayra - Adults Only, 695,9.3,884,wonderful,No Free Cancellation
Sierra de Gudar, 384,8.9,300,excellent,Free Cancellation
Granaxperience Apartamentos La Maleta, 422,8.8,1240,excellent,No Free Cancellation
Casa Rural La Fuensanta, 378,8.4,362,very good,No Free Cancellation
H10 Corregidor Boutique Hotel, 343,9.1,2180,wonderful,No Free Cancellation
Catalonia Giralda, 290,8.6,5940,excellent,Free Cancellation
La casa del duque 1, 262,8.2,12,very good,Free Cancellation
Yaramar, 364,7.9,89,good,No Free Cancellation
GBH Hotel-Apartamentos Posidonia, 363,9.1,577,wonderful,No Free Cancellation
Casa Natura Sunset Beach, 340,9.1,42,wonderful,Free Cancellation
MeliÃ¡ La Palma, 663,8.3,143,very good,No Free Cancellation
Hotel Corona de Castilla Burgos, 239,8.1,1884,very good,Free Cancellation
Reul Alto Cortijos Rurales, 369,9.6,55,exceptional,Free Cancellation
Finca El Chaparral, 450,9,149,wonderful,No Free Cancellation
Ibis Styles A Coruna, 236,8.4,2179,very good,No Free Cancellation
El Ancla, 436,7.8,1308,good,Free Cancellation
AGH Canet, 276,8.1,1330,very good,Free Cancellation
THB Lanzarote Beach, 482,7.7,859,good,Free Cancellation
Duna Hotel Boutique, 244,8.6,2446,excellent,Free Cancellation
Ona Valle Romano Golf & Resort, 256,8.3,9896,very good,Free Cancellation
Hotel Plaza Nueva, 223,8.4,2810,very good,Free Cancellation
Itaca Artemisa by Soho Boutique, 268,8.1,1702,very good,Free Cancellation
Casual del Cine Valencia, 242,8.1,4563,very good,Free Cancellation
UMusic Hotel Madrid, 780,8.8,3133,excellent,No Free Cancellation
Hotel Cal Rei de TallÃ³, 448,8.8,162,excellent,Free Cancellation
Apartamentos Soho Boutique Palillero, 280,9.3,1043,wonderful,Free Cancellation
Casona de San AndrÃ©s Boutique Hotel, 302,8.5,4894,very good,Free Cancellation
MartÃ­, 596,9.5,54,exceptional,Free Cancellation
La casa de SerafÃ­n y Manoli, 901,9.8,20,exceptional,No Free Cancellation
Hostal R-Conecta, 308,9.2,53,wonderful,Free Cancellation
Hotel MeliÃ¡ Bilbao, 960,8.7,3393,excellent,Free Cancellation
H10 Casa Mimosa 4* Sup," 1,383",9.3,1028,wonderful,Free Cancellation
Hotel LIVVO Fataga, 534,8.4,1156,very good,Free Cancellation
NATURA ROOMS, 302,7.9,169,good,Free Cancellation
BarcelÃ³ Margaritas, 880,8.3,1827,very good,Free Cancellation
AncÃ³n Suites, 543,9.1,158,wonderful,No Free Cancellation
Marine Lovers - Jacuzzi Fuerteventura, 564,9,77,wonderful,Free Cancellation
BarcelÃ³ Playa Blanca," 1,008",8.4,765,very good,Free Cancellation
Apartamentos Boutique Granada AlbaicÃ­n 3000, 236,8.4,1189,very good,No Free Cancellation
Catalonia Las Vegas - Adults Only, 506,8,1470,very good,Free Cancellation
Leonardo Hotel San SebastiÃ¡n, 275,8.8,6480,excellent,No Free Cancellation
Hotel & Restaurant Marina PalamÃ³s, 222,8.3,2626,very good,No Free Cancellation
Hotel Guadalajara & Conference Center Affiliated by MeliÃ¡, 371,8.3,1536,very good,No Free Cancellation
Atico Duplex 1Âª, 667,9,72,wonderful,Free Cancellation
Homity Holidays - Playa Granada - Mar de Astrid, 364,9.5,378,exceptional,No Free Cancellation
"Beautiful Penthouse apartment on Golden mile, near beach", 972,9.5,19,exceptional,No Free Cancellation
HospederÃ­a BaÃ±os Arabes de CÃ³rdoba Dos, 380,8.9,1311,excellent,Free Cancellation
Hotel Hispania, 268,8,3794,very good,Free Cancellation
Sacristia de Santa Ana, 241,8.5,1567,very good,No Free Cancellation
Principado Benidorm Suites Levante, 371,9.7,158,exceptional,No Free Cancellation
FantÃ¡stico DÃºplex con vistas y terraza, 344,8.8,32,excellent,Free Cancellation
Petit Malaga Congress, 223,8.2,1655,very good,No Free Cancellation
Patio del Lino, 302,9,657,wonderful,Free Cancellation
ALOJAMIENTO ARAHAL - RONDA, 280,9.2,729,wonderful,No Free Cancellation
Casa Vestali, 189,9,839,wonderful,No Free Cancellation
Hostel Alicante, 356,7.2,1296,good,No Free Cancellation
Casa rural la luz de Ari," 1,400",9.7,22,exceptional,Free Cancellation
Apartamentos La Ruta, 279,8,352,very good,No Free Cancellation
NH Collection Madrid Gran VÃ­a, 944,9,1688,wonderful,No Free Cancellation
Vincci Zaragoza Zentro, 402,8.5,4853,very good,No Free Cancellation
RVHotels Palau Lo Mirador, 266,8.5,712,very good,No Free Cancellation
Catalonia El Retiro, 580,8.7,2950,excellent,Free Cancellation
EDIFICIO 1521, 276,9.6,253,exceptional,Free Cancellation
Reyes CatÃ³licos, 296,8,1891,very good,Free Cancellation
Hotel America Barcelona, 488,8.6,1916,excellent,No Free Cancellation
Las Casas de la JuderÃ­a de CÃ³rdoba, 446,9.1,3421,wonderful,Free Cancellation
Luxury and Modern Beach Apartment with Sea Views, 601,9.3,42,wonderful,No Free Cancellation
CASA SOHO Y ALEX, 469,8.8,162,excellent,No Free Cancellation
VFT DoÃ±a Elvira, 450,9,35,wonderful,Free Cancellation
Cortijo Rural EspaÃ±ol Ideal para desconectar," 1,165",9.1,37,wonderful,No Free Cancellation
Apartamentos TurÃ­sticos Magallanes I, 294,9.2,246,wonderful,No Free Cancellation
La concha, 364,8.1,201,very good,Free Cancellation
Melia Madrid Serrano, 983,8.6,2901,excellent,Free Cancellation
Sheraton Fuerteventura Golf & Spa Resort," 1,120",8.5,550,very good,Free Cancellation
Cabo de Palos apartamento vacacional, 408,9.1,81,wonderful,No Free Cancellation
Hotel La Freixera, 443,9.3,567,wonderful,Free Cancellation
YIT VÃ­a Sevilla Mairena, 249,8,2931,very good,Free Cancellation
Senator Marbella, 219,8,4388,very good,No Free Cancellation
Exe Auriense, 256,8.1,1760,very good,Free Cancellation
Hotel Los Braseros, 260,7.5,3121,good,Free Cancellation
Carlos V Malaga, 320,8.2,4085,very good,Free Cancellation
The Agir Springs Hotel by Medplaya, 250,8.6,2280,excellent,No Free Cancellation
Las Caldas by blau hotels, 790,8.9,1018,excellent,Free Cancellation
OlÃ© Tropical Tenerife Adults Only, 854,8.2,2100,very good,Free Cancellation
Catalonia Passeig de GrÃ cia 4* Sup, 890,9.1,3339,wonderful,Free Cancellation
Sandos Monaco - Adults Only, 439,8.5,668,very good,Free Cancellation
Hotel Masa International, 285,7.9,800,good,Free Cancellation
Melia Palma Bay, 405,8.4,3637,very good,No Free Cancellation
H10 Lanzarote Princess, 891,8,453,very good,Free Cancellation
iloftmalaga EstaciÃ³n Central, 456,8.4,659,very good,No Free Cancellation
Sol Torremolinos - Don Pedro, 393,8.4,2359,very good,No Free Cancellation
Ofelias Hotel 4Sup by Bondia Hotel Group, 567,8.6,2211,excellent,Free Cancellation
Sixtytwo Hotel," 1,009",9.2,1999,wonderful,Free Cancellation
Elcano, 262,8.2,1204,very good,Free Cancellation
Hotel Paxton Barcelona, 629,8.7,5964,excellent,Free Cancellation
FIRA GRAN VIA II, 349,7.8,158,good,Free Cancellation
Numad Studios, 371,8.6,3433,excellent,Free Cancellation
Keyser Rooms, 280,7.9,91,good,No Free Cancellation
Sandos Benidorm Suites, 423,8.6,607,excellent,Free Cancellation
Sevilla Centro Casa Del Pop, 308,8.1,979,very good,Free Cancellation
Hotel Rural Maipez by LIVVO, 545,8.4,646,very good,Free Cancellation
Vincci Soho, 746,8.7,8306,excellent,No Free Cancellation
NH Collection Villa de Bilbao, 669,8.5,3339,very good,No Free Cancellation
NH Ciutat de Reus, 327,8.2,1781,very good,No Free Cancellation
Apartamentos Alma y MontaÃ±a, 293,9.2,126,wonderful,No Free Cancellation
Hotel Colonial, 479,9,716,wonderful,Free Cancellation
Catalonia Ramblas 4* Sup, 780,8.3,4745,very good,Free Cancellation
Hotel Madeira Centro, 382,8.4,2878,very good,Free Cancellation
PENSION RESTAURANTE ANGEL, 230,9.2,76,wonderful,No Free Cancellation
Sol Principe, 486,8,3378,very good,No Free Cancellation
Cordoba COol Vailima, 443,8.8,165,excellent,Free Cancellation
Elba Vecindario Aeropuerto Business & Convention Hotel, 555,8.5,3900,very good,Free Cancellation
Finca El Palomar de Luanco, 480,9.8,518,exceptional,No Free Cancellation
Hotel Mitus, 291,8.4,576,very good,Free Cancellation
BYPILLOW VelÃ¡zquez 45, 527,8.6,4370,excellent,No Free Cancellation
4 Soles, 525,8.5,20,very good,Free Cancellation
Apartments Brava, 489,8.1,271,very good,Free Cancellation
Avani Alonso Martinez Madrid hotel -previously NH Alonso Martinez, 729,8.4,1499,very good,No Free Cancellation
Casa del CaÃ±o, 213,9.3,61,wonderful,Free Cancellation
Hotel Plateros, 191,8.3,1677,very good,No Free Cancellation
"voco Madrid Retiro, an IHG Hotel", 668,8.7,1913,excellent,No Free Cancellation
Vincci Puertochico, 297,8.7,3076,excellent,Free Cancellation
GoToSeville Molviedro Apartments, 283,7.9,813,good,No Free Cancellation
Apartamentos Sofia, 358,9.2,496,wonderful,No Free Cancellation
Las Nieves, 204,8.5,2709,very good,Free Cancellation
NH Collection Amistad CÃ³rdoba, 422,8.6,4156,excellent,No Free Cancellation
Top Home Jasmine Jerez, 279,7.8,43,good,No Free Cancellation
Boutique Hotel Los Limoneros," 1,012",9.4,159,wonderful,No Free Cancellation
Hotel Don Gonzalo, 272,7.9,554,good,Free Cancellation
Gastrohotel Boutique RH Canfali, 417,9,2128,wonderful,Free Cancellation
Melia Lebreros, 404,8.7,6184,excellent,No Free Cancellation
Hotel Costa Azul, 385,8.4,2705,very good,No Free Cancellation
Hotel Casa Prendes, 300,8.8,810,excellent,Free Cancellation
Hotel Sancho, 285,8,359,very good,Free Cancellation
Hotel Riu Palace Oasis," 1,358",8.9,1983,excellent,Free Cancellation
Hotel AlbarracÃ­n, 387,7.5,1680,good,No Free Cancellation
Soho Boutique Malaga, 365,8.1,2557,very good,No Free Cancellation
NH Alicante, 354,8.5,2148,very good,No Free Cancellation
Hotel La Polar, 232,8.2,2371,very good,Free Cancellation
NH Sevilla Plaza de Armas, 481,8.5,5385,very good,No Free Cancellation
1907 VILLA GIJON, 329,8.6,2101,excellent,Free Cancellation
"Grand Hotel Central, Small Luxury Hotels", 868,8.8,1298,excellent,No Free Cancellation
Welldone Antiquarium, 326,9,666,wonderful,No Free Cancellation
Barcelona Hotel Colonial, 410,8.3,1963,very good,No Free Cancellation
Attic Teatro," 1,201",9.3,72,wonderful,No Free Cancellation
Melia Villaitana, 756,8.6,1578,excellent,No Free Cancellation
"ToledoRooms Estrella - M, L, XL, XXL - Pisos con Azotea - Sun Terrace", 337,8.2,548,very good,Free Cancellation
Atico Berrocal Marbella, 423,9.1,138,wonderful,No Free Cancellation
Hotel Jazz, 568,8.9,3231,excellent,No Free Cancellation
Laguna Cool Living, 571,8.9,95,excellent,Free Cancellation
INMÃ¡laga Penthouse Plaza de la Merced," 1,163",8.7,30,excellent,Free Cancellation
Hotel Los Girasoles, 178,7.5,982,good,Free Cancellation
AC Hotel Barcelona FÃ³rum by Marriott, 999,8.1,1411,very good,No Free Cancellation
Hotel Granvia, 643,8.9,2136,excellent,No Free Cancellation
AC Hotel CÃ³rdoba by Marriott, 301,8.7,1282,excellent,No Free Cancellation
UVE Alcobendas, 495,9,6911,wonderful,No Free Cancellation
Arena Center, 272,7.9,3325,good,Free Cancellation
"Hotel Madrid Plaza de EspaÃ±a, Affiliated by MeliÃ¡", 521,8.1,2964,very good,No Free Cancellation
Porcel Ganivet, 443,8.6,4343,excellent,No Free Cancellation
Apartamentos Marina Internacional, 187,7,1389,good,Free Cancellation
Hotel Consuegra, 235,8.7,1169,excellent,Free Cancellation
Hostal Viena, 213,8.2,915,very good,Free Cancellation
Hotel Restaurante Felipe II, 268,7.3,746,good,Free Cancellation
Benalbeach Holidays BenalmÃ¢dena, 307,8.3,281,very good,No Free Cancellation
Sterling, 503,8,1918,very good,No Free Cancellation
ARENAL SUITES BENIDORM, 288,8.9,397,excellent,No Free Cancellation
Ayala 63 - THE ARC COLLECTION, 830,9.4,752,wonderful,No Free Cancellation
El Balcon de Justina - Sierra de Gata, 336,9.6,57,exceptional,No Free Cancellation
Apartaments Santa Clara â Baltack Homes, 683,9.1,551,wonderful,No Free Cancellation
NH Collection Vigo, 406,8.9,2519,excellent,No Free Cancellation
DoubleTree By Hilton A CoruÃ±a, 553,9.3,1494,wonderful,No Free Cancellation
SEA VIEW 2BR TOPLOCTAION Heated pool 5 min to beach, 563,8.8,50,excellent,Free Cancellation
htop Amatista #htopBliss, 285,8.1,334,very good,Free Cancellation
Tres Hermanos CON PISCINA PRIVADA, 909,9.6,13,exceptional,Free Cancellation
El sueÃ±o de Andalucia, 367,9.4,60,wonderful,No Free Cancellation
Sercotel Hotel Rosellon, 666,8.3,5869,very good,No Free Cancellation
Marquina Rural, 392,9.3,265,wonderful,Free Cancellation
ITC Mora by Soho Boutique, 440,7.9,4627,good,No Free Cancellation
Exe Oviedo Centro, 260,8.7,2371,excellent,Free Cancellation
"Crowne Plaza Madrid - Centre Retiro, an IHG Hotel", 660,8.9,1203,excellent,No Free Cancellation
Exe Triunfo Granada, 222,8,2698,very good,Free Cancellation
Hotel & Spa Sierra de Cazorla 4*, 400,8.6,1148,excellent,Free Cancellation
Hotel Granada by Pierre & Vacances, 312,8.6,4193,excellent,No Free Cancellation
Petit Palace Chueca, 579,8.5,3200,very good,Free Cancellation
Green Garden Eco Resort & Villas," 1,088",8.9,885,excellent,No Free Cancellation
Hotel Villa De Betanzos, 288,7.6,1121,good,Free Cancellation
Ona Lomas Village - La Manga Club, 237,8.1,1157,very good,Free Cancellation
CÃ³rdoba Cool La Ribera, 319,9.1,154,wonderful,Free Cancellation
Hotel Castilla, 196,8.1,5476,very good,No Free Cancellation
Hotel GÃ³tico, 436,8.4,1569,very good,No Free Cancellation
Quatro Puerta del Sol, 515,8.4,2938,very good,No Free Cancellation
Dolce by Wyndham Barcelona Resort, 451,8.7,199,excellent,No Free Cancellation
Suites Natura Mas Tapiolas," 1,311",9.4,326,wonderful,Free Cancellation
"Palacete 1620, Premium Suites, Only adults", 498,9.3,1031,wonderful,Free Cancellation
Secrets BahÃ­a Real Resort & Spa Adults only," 1,060",8.9,897,excellent,No Free Cancellation
"Hotel Faranda Rias Altas, Ascend Hotel Collection", 288,8.6,42,excellent,Free Cancellation
Pont de Fusta Apartments, 752,8.9,170,excellent,No Free Cancellation
NH Collection Madrid Suecia, 742,8.7,1755,excellent,No Free Cancellation
Eurostars Gran Hotel Santiago, 260,8.5,2418,very good,Free Cancellation
Wonder Hostel, 185,9.3,493,wonderful,Free Cancellation
Apartamentos TurÃ­sticos - Hostal Los Alisos, 200,8.5,546,very good,Free Cancellation
Hostal La Costa, 232,8.9,722,excellent,No Free Cancellation
Casual de las Olas San SebastiÃ¡n, 222,8.6,6245,excellent,Free Cancellation
ECO Hostel, 394,8.7,804,excellent,No Free Cancellation
Atenea Rekord Suites, 410,8.4,979,very good,No Free Cancellation
Pacoche Murcia, 253,7.9,3515,good,No Free Cancellation
Holiday Club Vista Amadores, 415,8.7,898,excellent,No Free Cancellation
Hotel Boutique Balandret," 1,155",8.7,1535,excellent,Free Cancellation
Aparthotel Bcn Montjuic, 415,8.3,4130,very good,No Free Cancellation
Cantueso Holiday Park, 400,9,22,wonderful,No Free Cancellation
Hotel Santiago, 276,8.3,1608,very good,Free Cancellation
Casa Rural El Vihuelo, 340,9,595,wonderful,No Free Cancellation
Hotel La Era de Aracena - Adults Only, 308,7.8,1725,good,No Free Cancellation
"Hotel La Serrana, antiguo 40 Nudos", 227,8.3,2562,very good,Free Cancellation
Catalina Suites, 576,8.4,2590,very good,No Free Cancellation
LÃ­bere Madrid Palacio Real, 392,8,1105,very good,No Free Cancellation
Mas Ardevol PT106, 402,9.1,69,wonderful,No Free Cancellation
Suites Pamplona Plaza, 524,8.2,474,very good,Free Cancellation
Vistoso y Colorido, 191,9.2,10,wonderful,Free Cancellation
Alojamiento El Miajon de los CastÃºos, 181,9.3,1111,wonderful,Free Cancellation
"Apartamentos en pleno centro, Aljibe Rodrigo del Campo 2C", 480,9.7,135,exceptional,Free Cancellation
Complejo TurÃ­stico Los Escullos San Jose, 227,8.5,609,very good,No Free Cancellation
Hotel Venta Magullo, 200,7.6,2089,good,Free Cancellation
Centre Esplai Albergue, 365,7.3,7838,good,Free Cancellation
SLEEPING PORTOMARIN 2, 840,8.7,787,excellent,Free Cancellation
Hotel BoltaÃ±a Ordesa, 231,8.6,2241,excellent,Free Cancellation
Hotel Los Ãngeles, 180,8,2481,very good,No Free Cancellation
Hotel El SueÃ±o de Jemik, 236,8.3,586,very good,Free Cancellation
PensiÃ³n Residencial Platas, 280,8.2,1509,very good,Free Cancellation
Hotel MiÃ±o, 200,7.6,3085,good,Free Cancellation
Blue Ocean Camp - Tasartico, 192,7.7,1272,good,Free Cancellation
Hotel Santo Domingo de Silos, 249,8.3,1885,very good,No Free Cancellation
Txantxorena," 2,602",9.3,816,wonderful,No Free Cancellation
HospederÃ­a Castilla Plaza Mayor, 184,8.1,785,very good,Free Cancellation
Hotel Principe, 220,7.3,2019,good,No Free Cancellation
Apartaments Cal Borda, 274,9.1,136,wonderful,Free Cancellation
Posada Real Castillo del Buen Amor, 460,9.2,2587,wonderful,Free Cancellation
Resort Cordial Santa Ãgueda & Perchel Beach Club," 1,463",8.9,1340,excellent,Free Cancellation
El RincÃ³n de las Descalzas, 280,8.3,945,very good,Free Cancellation
Alcaidia De Magina, 198,8.7,808,excellent,Free Cancellation
Hotel Camino de Santiago, 220,7.8,2188,good,Free Cancellation
Hotel Casa Aurelia, 200,7.7,1285,good,Free Cancellation
Ibis Madrid Fuenlabrada, 239,8.1,3440,very good,Free Cancellation
Hostal El PolÃ­gono, 160,8,631,very good,Free Cancellation
Hostal Restaurante Torreblanca, 236,8.1,552,very good,Free Cancellation
Juego Bolos Ostatua, 256,8.8,370,excellent,Free Cancellation
PAIISE Hotels, 210,8,2772,very good,Free Cancellation
Hotel Spa Villa Pasiega, 392,8.6,2927,excellent,Free Cancellation
CÃ mping Bellsol, 239,8.5,1051,very good,Free Cancellation
B&B HOTEL LogroÃ±o Las CaÃ±as, 202,8.5,2198,very good,No Free Cancellation
Hotel Nomada, 256,8.6,731,excellent,Free Cancellation
Duc Allotjament, 219,7.1,1706,good,Free Cancellation
Labella MarÃ­a, 240,8.3,1680,very good,Free Cancellation
Hotel MediterrÃ¡neo, 320,8.3,1278,very good,No Free Cancellation
Ibis Irun, 219,8.1,5075,very good,No Free Cancellation
Hotel Can-Vic, 189,7,1059,good,Free Cancellation
Sal y Sol Studio, 218,No Score,No Reviews,no review text,No Free Cancellation
Hotel Balneario de Compostela, 152,8.5,2140,very good,Free Cancellation
PETIT HOTEL ALGAIDA, 500,9.5,851,exceptional,Free Cancellation
Aparthotel BCL Levante Club, 212,8.2,3502,very good,Free Cancellation
Vivienda Rural Antares, 240,9.6,45,exceptional,No Free Cancellation
Villa Yissa junto a la calle peatonal, 196,9.3,3,wonderful,No Free Cancellation
Palacio de los Velada, 438,8.6,6655,excellent,Free Cancellation
APARTAMENTOS POBRA-CASTELO, 115,8.2,364,very good,Free Cancellation
Hostal Palouet de Segarra, 265,9.3,407,wonderful,Free Cancellation
Hotel Los Kekes, 180,8.2,768,very good,Free Cancellation
Hostal Sant Marti, 241,8.2,1379,very good,Free Cancellation
Hotel Abades Benacazon, 194,7.7,3169,good,Free Cancellation
Hotel Iris Guadalajara, 248,7.5,2379,good,No Free Cancellation
Family Bungalow La Zenia Beach, 300,9,78,wonderful,Free Cancellation
Hostal Solimar, 269,7.3,1450,good,No Free Cancellation
Hotel Tres Arcos, 196,6.1,1335,wonderful,Free Cancellation
HabitaciÃ³n en casa de Mikel, 173,9.4,138,wonderful,No Free Cancellation
Casas Rurales Los Enebros Nerpio, 352,9.6,229,exceptional,No Free Cancellation
KAKTUS Hotel Kaktus Albir, 324,8.1,3191,very good,Free Cancellation
Hotel Felix, 260,7.8,595,good,Free Cancellation
Resotel, 320,9.3,1512,wonderful,Free Cancellation
Posada de San MillÃ¡n, 312,9.4,707,wonderful,Free Cancellation
Casona de Llanorrozo Apartamentos Rurales, 220,9.6,651,exceptional,Free Cancellation
Eurostars Palacio de Santa Marta, 256,8.8,2541,excellent,Free Cancellation
Iberflat Apartamentos Marynton, 203,8.3,793,very good,Free Cancellation
Hotel Bodega La Venta, 220,8.3,1816,very good,No Free Cancellation
Salles Hotel Aeroport de Girona, 311,8.2,3904,very good,Free Cancellation
Apartamentos Anita, 280,8.6,439,excellent,Free Cancellation
Our Sol, 300,9.4,113,wonderful,Free Cancellation
B&B HOTEL Valencia Aeropuerto, 198,7.7,3417,good,No Free Cancellation
PISO CANAL, 260,9.7,83,exceptional,Free Cancellation
Hotel Villa de VerÃ­n, 242,8.6,1172,excellent,Free Cancellation
Descansar Apartament, 342,No Score,No Reviews,no review text,No Free Cancellation
El Mullaero, 200,9.3,238,wonderful,Free Cancellation
AC Hotel Palencia by Marriott, 309,8.5,1418,very good,Free Cancellation
APCOSTAS Marina D'or 2da LÃ­nea, 156,6.7,539,good,No Free Cancellation
Innmare Fortuna Hotel Dos Estrellas, 117,7.7,1047,good,No Free Cancellation
Bodega Goyo, 322,8.9,176,excellent,Free Cancellation
Hostal Elvira, 240,8.5,1043,very good,Free Cancellation
Hostal MarÃ­a, 240,8.5,1358,very good,Free Cancellation
Hostal La Tablada, 200,7.6,729,good,Free Cancellation
Alua Atlantico Golf - All Inclusive, 720,8.1,3187,very good,No Free Cancellation
Apartamentos La Caleta, 410,8.5,996,very good,Free Cancellation
EL CHORRITO, 460,9.6,44,exceptional,Free Cancellation
Casa Cala, 350,9.8,33,exceptional,No Free Cancellation
Ruta del Tiempo, 316,9.3,476,wonderful,Free Cancellation
Hotel y apartamentos La Casa Rural, 248,8.9,1079,excellent,Free Cancellation
Ibis Budget Oviedo, 137,7.7,7002,good,No Free Cancellation
CASTRO Suites Osuna, 241,9.1,899,wonderful,Free Cancellation
Superb luxurious groundfloor 1 bedroom app on Mar Menor golf resort, 243,9.8,66,exceptional,No Free Cancellation
Ibis Valencia Bonaire Aeropuerto, 266,8.1,3077,very good,No Free Cancellation
Hotel Faro de Finisterre," 1,000",9.1,1659,wonderful,Free Cancellation
Salles Hotels Marina Portals, 427,8.1,2822,very good,Free Cancellation
Hostal El Castillo, 180,8.1,1169,very good,Free Cancellation
LAS RIBERAS. APARTAMENTOS RURALES, 320,9.7,547,exceptional,Free Cancellation
Bungalows y Mobil Homes Camping Regio, 380,8.6,909,excellent,Free Cancellation
Hotel Cims de Camprodon, 285,9,1474,wonderful,Free Cancellation
Hostal Landhaus, 260,8.5,869,very good,Free Cancellation
Casa Rural Priena, 280,8.9,794,excellent,Free Cancellation
Vista Guapa, 280,9.3,132,wonderful,No Free Cancellation
Veragua. Glamping y Apartamentos turÃ­sticos, 280,9.2,696,wonderful,Free Cancellation
Hotel Isabel de Segura, 179,7.6,3834,good,Free Cancellation
Oh Nice Revellin Ceuta, 270,7.7,1067,good,No Free Cancellation
A Morada do Cigarron, 156,8.1,991,very good,Free Cancellation
Casa del Plantel, 395,8.7,296,excellent,No Free Cancellation
Hostal Cruce, 220,8.8,999,excellent,Free Cancellation
PensiÃ³ L'Estada, 245,8.3,616,very good,Free Cancellation
Hotel Continental Balneario de Panticosa, 528,7.1,4236,good,Free Cancellation
"Holiday Inn Express Madrid-AlcorcÃ³n, an IHG Hotel", 344,8.2,4671,very good,No Free Cancellation
Apartment in La Mata Parquemar, 285,9.4,14,wonderful,No Free Cancellation
Mil Palmeras - Bioko 208 - apartment for 6, 509,9.6,26,exceptional,Free Cancellation
Apartamentos La Pastora, 300,9.2,146,wonderful,Free Cancellation
Apartamentos Proamar, 210,8.2,568,very good,Free Cancellation
New J&J Hostel, 184,8.5,1910,very good,Free Cancellation
Las Catedrales, 191,8.7,1462,excellent,No Free Cancellation
Ibis Budget Madrid AlcalÃ¡ de Henares La Dehesa, 244,8,3079,very good,Free Cancellation
Hotel De Martin, 358,8.8,1418,excellent,Free Cancellation
Hotel Termal Abadia de Los Templarios, 529,8.6,867,excellent,No Free Cancellation
Hostal Ca'n Pep, 344,8,1258,very good,Free Cancellation
Hotel Centro Vitoria AutoCheckIn, 252,8,3288,very good,Free Cancellation
Apartamentos Cerro Negro, 180,6.2,804,very good,Free Cancellation
Casa Roque, 360,9.4,74,wonderful,Free Cancellation
Casa Rural Virgen de las Cruces, 160,8.7,662,excellent,Free Cancellation
Hotel Malecon, 268,9,477,wonderful,Free Cancellation
Hotel Villa San Juan, 260,8.1,2179,very good,Free Cancellation
El Cocheron 1919, 288,8.5,1042,very good,Free Cancellation
Apartamento Duque de Arcos 2, 216,9.6,244,exceptional,Free Cancellation
Alannia Costa Blanca, 226,8.5,772,very good,Free Cancellation
Casa David, 220,8.4,579,very good,Free Cancellation
Blue Dream 100, 235,No Score,No Reviews,no review text,No Free Cancellation
Zouk Hotel, 356,8.6,2770,excellent,Free Cancellation
Apartamentos Alday, 300,8.4,2988,very good,No Free Cancellation
Apartahotel LÃ­bere Vitoria, 224,8.5,4961,very good,No Free Cancellation
Casa De Chenil - Caminito del Rey, 419,9.3,16,wonderful,No Free Cancellation
PENSION SOBRADO, 200,8.8,428,excellent,Free Cancellation
Villa De Foz, 180,8.1,1837,very good,Free Cancellation
Calle cÃ³mico Riquelme 23 segundo, 320,8.3,214,very good,Free Cancellation
Hotel DoÃ±a Carmen, 258,7.8,1062,good,Free Cancellation
RincÃ³n de Gala, 192,7.8,1004,good,No Free Cancellation
Hotel Malena, 240,8.9,962,excellent,Free Cancellation
AS Monreal del Campo, 220,7.3,1056,good,Free Cancellation
Hotel VÃ­a Sevilla - CÃ¡diz by MA 22 Puntos, 128,7.7,830,good,Free Cancellation
Hotel Casa de la Fuente, 200,9,195,wonderful,Free Cancellation
Hotel Puerta de Bilbao, 285,8.2,4630,very good,Free Cancellation
Parador De La Seu D'urgell, 304,8.5,1363,very good,No Free Cancellation
Acta Voraport, 538,8.7,13963,excellent,No Free Cancellation
Hotel Costa Mar, 240,8.7,731,excellent,Free Cancellation
Hostal Kukia, 200,8.6,870,excellent,Free Cancellation
Hotel Los Perales, 220,7.4,1545,good,Free Cancellation
La Fonda de Candeleda, 220,9.1,634,wonderful,Free Cancellation
Sol Mediterraneo, 240,8.5,678,very good,Free Cancellation
Pension Cando, 169,7.2,1266,good,No Free Cancellation
PensiÃ³n Teyma, 160,8.4,595,very good,Free Cancellation
GemÃ¼tliche Strandwohnung mit schnellem WiFi, 217,9.7,3,exceptional,No Free Cancellation
Apartment Savoy, 353,9,116,wonderful,Free Cancellation
Hotel La Parada, 236,7.8,1281,good,Free Cancellation
Baixo a Lua Rooming, 200,9.7,1382,exceptional,Free Cancellation
Hotel Juan Carlos I, 224,7.8,714,good,Free Cancellation
CabaÃ±as De Madera Y Bungalows - GilmaÃ±as 3, 300,9.6,290,exceptional,Free Cancellation
Aparthotel la Piramide, 266,7,1692,good,Free Cancellation
Casa vacacional equipada, 248,9.7,56,exceptional,Free Cancellation
Hotel Europa, 294,7.9,1781,good,No Free Cancellation
Motel Emporio, 180,8.1,2918,very good,No Free Cancellation
Hotel Rio Badajoz, 256,7.9,2220,good,Free Cancellation
Can ParrÃ²quia, 308,9.4,153,wonderful,Free Cancellation
"Hacienda Riquelme Golf Resort, Atlantico 188, Ground Floor Apartment", 368,9.2,22,wonderful,Free Cancellation
Camping Valle de Hecho, 274,7.7,537,good,Free Cancellation
Habitus Casa Lorenzo, 232,8.5,1486,very good,Free Cancellation
ibis budget Huerta De Murcia, 184,8.3,6293,very good,No Free Cancellation
Hotel Juanito, 256,7.9,535,good,Free Cancellation
"ADOSADO CON VISTAS, RELAJATE Y DISFRUTA", 400,9.2,32,wonderful,Free Cancellation
Marinell Collection Palm-Mar, 614,8.9,1753,excellent,No Free Cancellation
Hotel ParÃ­s, 200,8.4,1901,very good,Free Cancellation
Apartamento Costa de la Luz Golf y Playa, 368,No Score,No Reviews,no review text,No Free Cancellation
Casa Bambu-ApartResort, 240,9.3,699,wonderful,No Free Cancellation
Casa Barrero, 256,9.4,114,wonderful,Free Cancellation
Kora Green City - Aparthotel Passivhaus, 323,9,6798,wonderful,Free Cancellation
A casa do lajueiro, 222,9,1092,wonderful,Free Cancellation
Elephant house a 10 minutos del Centro, 328,9.7,3,exceptional,Free Cancellation
Hotel Arias Aeropuerto, 300,8.7,1472,excellent,Free Cancellation
La Galerica, 237,8.9,642,excellent,Free Cancellation
Ad Hoc Parque, 261,8,1986,very good,Free Cancellation
Hotel Servilia, 272,8.2,812,very good,No Free Cancellation
Apartment in Hacienda Riquelme Golf Resort, 295,9,23,wonderful,Free Cancellation
El Molino de Floren, 264,9,1147,wonderful,Free Cancellation
Sunnydays, 249,No Score,No Reviews,no review text,No Free Cancellation
Sercotel Boulevard Vitoria-Gasteiz, 276,8.3,6351,very good,Free Cancellation
PensiÃ³n 45, 264,6.5,2820,good,Free Cancellation
Casa Morrosco, 168,8.7,391,excellent,Free Cancellation
Hotel Zenit Pamplona, 335,8.6,1767,excellent,Free Cancellation
Hotel-Restaurante La Sima, 280,8.1,442,very good,Free Cancellation
The Shed, 379,9.5,56,exceptional,Free Cancellation
Hotel Mendez NuÃ±ez, 231,8.3,2888,very good,Free Cancellation
Hostal el Puente, 180,8.5,618,very good,Free Cancellation
Hostal DurÃ¡n, 192,8.5,1147,very good,Free Cancellation
Hotel Rural La Casa de Mis Abuelos, 248,9.4,389,wonderful,Free Cancellation
AS Hoteles Ponferrada, 116,7.6,1167,good,Free Cancellation
Apartamentos Montemar, 380,9.6,82,exceptional,Free Cancellation
"""La PiÃ±a"" Condado Golfresort 1574", 279,9.4,35,wonderful,Free Cancellation
Ibis Ripollet, 260,8.2,2746,very good,No Free Cancellation
A Cabana I, 329,9.1,108,wonderful,Free Cancellation
Pension Restaurante Casa CamiÃ±o," 5,150",7.8,742,good,Free Cancellation
Casita El Miquelet, 345,No Score,No Reviews,no review text,No Free Cancellation
Hotel Reina Cristina, 290,8.5,4355,very good,No Free Cancellation
Bruno Sea View Apartment, 284,No Score,No Reviews,no review text,No Free Cancellation
Hostal Poeta Machado, 228,8.7,697,excellent,Free Cancellation
Apartamentos Solans, 280,8.9,436,excellent,Free Cancellation
Hotel Villa de Luarca, 220,8.4,1213,very good,Free Cancellation
OrÃ­genes, 480,9.5,88,exceptional,Free Cancellation
Hotel Izelai, 184,7.9,1272,good,Free Cancellation
Ibis Budget Madrid AlcorcÃ³n MÃ³stoles, 251,8.1,2652,very good,Free Cancellation
Hotel la Perdiz, 268,8.2,1506,very good,Free Cancellation
Ohmyloft Valencia, 304,8.9,1723,excellent,Free Cancellation
Hotel Los Toreros, 264,7.7,1085,good,Free Cancellation
Hotel Alda Centro Palencia, 133,7.9,1816,good,Free Cancellation
Hotel Rural Vistahermosa, 240,8.2,1197,very good,Free Cancellation
Hostal Mas Ferrer, 244,7.4,1951,good,Free Cancellation
Apartamentos BalcÃ³n de Maro, 180,7.8,853,good,Free Cancellation
Hotel PortmÃ¡n, 162,8.5,1786,very good,Free Cancellation
Mariana & SirusÂ´ Home, 380,9.5,61,exceptional,Free Cancellation
"Hotel Melilla Puerto, Affiliated by MeliÃ¡", 345,8.1,715,very good,No Free Cancellation
NH Gran Hotel Casino de Extremadura, 342,9.1,2868,wonderful,No Free Cancellation
Pueblo DoÃ±a Pepa, 360,9.5,86,exceptional,No Free Cancellation
Casa Arenas, 180,9.1,95,wonderful,Free Cancellation
Kampaoh El Palmar, 198,8.1,1070,very good,No Free Cancellation
"Holiday Inn Express Bilbao Airport, an IHG Hotel", 339,7.9,6395,good,Free Cancellation
Hotel Puerta de Javalambre, 192,8,969,very good,Free Cancellation
Trebol One Apartments By Mc, 280,8.1,2390,very good,Free Cancellation
Hotel Alisi, 280,8.2,1059,very good,Free Cancellation
El Nial de Los Pinos, 279,9.8,48,exceptional,Free Cancellation
Hotel FC Villalba, 288,8.2,2811,very good,Free Cancellation
Casa Irina & Elena 2bed 2bath, 282,8.1,37,very good,Free Cancellation
IRAIPE Estella Rooms Auto Check-in, 180,8.1,2242,very good,Free Cancellation
El Descanso del Viajero, 212,8.9,411,excellent,No Free Cancellation
Hotel con encanto en Toro, 180,7.9,428,good,No Free Cancellation
Monestir de Les Avellanes, 250,8.6,1434,excellent,No Free Cancellation
Casa Miramar, 313,9.9,9,exceptional,Free Cancellation
Hotel Simancas, 228,8,462,very good,Free Cancellation
Hotel Golf Campoamor, 372,8.2,1335,very good,Free Cancellation
Hotel El Ancla, 260,7.5,1109,good,Free Cancellation
"Relax & home, apartamento con terraza y parking", 232,9.7,75,exceptional,Free Cancellation
A EstreliÃ±a, 227,9.6,380,exceptional,No Free Cancellation
La Antigua Fonda, 200,9.1,395,wonderful,Free Cancellation
Hotel Escuela San Cristobal, 252,7.9,801,good,Free Cancellation
Hotel Duero, 300,8.2,1625,very good,No Free Cancellation
Hotel Hc Zoom, 261,8.6,606,excellent,No Free Cancellation
Hostal Mayor 71, 232,8.1,356,very good,Free Cancellation
Casa Restinga, 310,9.1,28,wonderful,No Free Cancellation
MÃ¡laga Modern Flat, 344,No Score,No Reviews,no review text,No Free Cancellation
Apartamentos Golf Center, 206,7.1,2134,good,Free Cancellation
B&B HOTEL Madrid Aeropuerto T4, 335,8.3,5893,very good,No Free Cancellation
Sercotel Riscal, 328,8.7,1386,excellent,Free Cancellation
Hotel Silken Villa de Laguardia, 335,8.4,2579,very good,Free Cancellation
Hotel Balneario La Hermida, 840,8.1,1769,very good,Free Cancellation
Casa Antiga Do Monte, 363,8.9,409,excellent,Free Cancellation
Hotel Barreiro, 280,8.4,699,very good,Free Cancellation
PensiÃ³n La Mar, 276,8,977,very good,Free Cancellation
HospederÃ­a Hotel Don Quijote, 198,8.3,536,very good,Free Cancellation
Hotel La Familia, 240,8.7,1393,excellent,Free Cancellation
"Entire unit, Gran Alacant, Santa Pola, Spain", 306,No Score,No Reviews,no review text,No Free Cancellation
B&B HOTEL Santiago Milladoiro, 143,9.1,1016,wonderful,No Free Cancellation
Hostal Casa Palmira, 225,8.3,628,very good,Free Cancellation
PensiÃ³n Nomphosumus, 160,9.2,702,wonderful,Free Cancellation
Pikua Landetxea, 313,8.6,819,excellent,Free Cancellation
Hotel SalobreÃ±a Suites, 224,8,2644,very good,No Free Cancellation
Smart Hotel La Sagra, 224,7.8,1600,good,Free Cancellation
Hotel Adaria Vera, 187,8.2,3043,very good,No Free Cancellation
Hostal Meseguer, 197,7.7,2813,good,No Free Cancellation
Mir Octavio, 233,8.1,5274,very good,No Free Cancellation
Mana EcoRetreat, 541,9.6,330,exceptional,Free Cancellation
Hotel Eli-Mar, 211,8.1,736,very good,Free Cancellation
Kora Nivaria Beach, 792,9.2,3541,wonderful,No Free Cancellation
Baluart Apartments, 211,8.9,3910,excellent,Free Cancellation
Hotel MesÃ³n El NÃºmero Uno, 208,7.8,1779,good,Free Cancellation
Tudela balcÃ³n de Bardenas, 229,8.1,747,very good,Free Cancellation
Zalamera BnB, 377,9,1996,wonderful,No Free Cancellation
Hospedaje Norte, 180,7.5,680,good,Free Cancellation
VÃ©rtice Indalo AlmerÃ­a, 241,8.5,6026,very good,Free Cancellation
Cuevas de MarÃ­a, 160,8.7,701,excellent,Free Cancellation
Mariposa Del Sol, 689,8.4,767,very good,No Free Cancellation
Hotel Los 14, 216,8.7,568,excellent,Free Cancellation
Hostal El Altet, 220,7.9,3224,good,Free Cancellation
La Siesta, 220,7.5,2009,good,Free Cancellation
"Atico con Vistas al Mar, Garachico", 205,8.6,45,excellent,Free Cancellation
Eurohotel Barcelona Granvia Fira, 368,7.2,4429,good,No Free Cancellation
GEMELOS 28 10-C Levante Beach, 299,No Score,No Reviews,no review text,No Free Cancellation
Hostal HB Torrevieja, 280,8,1799,very good,Free Cancellation
Hospedaje Magallanes, 144,8.6,4370,excellent,Free Cancellation
Arcas de Agua, 196,8.1,804,very good,No Free Cancellation
Aparthotel Ona Aucanada, 236,8.5,2068,very good,Free Cancellation
Hotel Solsona Centre, 265,8.4,790,very good,Free Cancellation
Posada Los Gallos, 264,8.7,765,excellent,Free Cancellation
Duplex 8, 495,8.5,29,very good,Free Cancellation
Apartamentos Rurales Veredas, 360,9.6,151,exceptional,Free Cancellation
Apartamentos Villa de Potes, 337,8.6,1685,excellent,Free Cancellation
Playmon Bacana, 380,No Score,No Reviews,no review text,No Free Cancellation
Hotel Metropol by Carris, 176,7.4,2073,good,Free Cancellation
Hotel Camino Real, 296,8.6,2166,excellent,Free Cancellation
Apartamentos Casa Pochetas, 322,9.6,379,exceptional,Free Cancellation
B&B HOTEL Madrid Fuenlabrada, 224,8.2,4060,very good,No Free Cancellation
Casa tia Juanita, 324,8.9,92,excellent,Free Cancellation
Hotel Palacio Congresos, 321,8.2,1561,very good,Free Cancellation
Hotel Aroi Bierzo Plaza, 205,8.2,2006,very good,No Free Cancellation
Hotel Moya, 260,8.5,1375,very good,Free Cancellation
Hotel Montsia, 265,8.3,1637,very good,Free Cancellation
La Casa Vieja Turismo Rural, 368,9.8,27,exceptional,Free Cancellation
Hotel Monreal Jumilla, 299,8.4,911,very good,Free Cancellation
"Hotel Faranda Marsol Candas, Ascend Hotel Collection", 215,7.8,1724,good,No Free Cancellation
Hotel Molina Real, 236,8.7,718,excellent,Free Cancellation
Hostal-Restaurante San AntolÃ­n, 200,7.8,867,good,Free Cancellation
Precioso y luminoso apartamento junto al mar y playa en Garrucha 1A, 306,No Score,No Reviews,no review text,Free Cancellation
Perfect Family Retreat - La Zenia Beach, 271,9.3,101,wonderful,No Free Cancellation
Hotel Els CaÃ§adors de Ribes, 261,8.7,2395,excellent,Free Cancellation
Seaview, 470,9.7,44,exceptional,Free Cancellation
Encantador apartamento en MarÃ­n, 260,9.3,56,wonderful,Free Cancellation
Your charming home in Alicante, 480,9.8,6,exceptional,Free Cancellation
Hotel Xauen, 262,7.3,1828,good,Free Cancellation
Casa Del Patio - Boutique Apartments, 272,9.4,1132,wonderful,Free Cancellation
Hotel Hito, 255,7.6,2343,good,Free Cancellation
Hostal Rios, 240,8.5,297,very good,Free Cancellation
Hotel Valdemoro, 240,7.5,1006,good,Free Cancellation
Hotel Murrieta, 237,7.9,5404,good,No Free Cancellation
Angelina 509, 375,No Score,No Reviews,no review text,No Free Cancellation
Casa LÃ³pez, 521,9.3,88,wonderful,Free Cancellation
Hostal padornelo, 216,7.9,434,good,Free Cancellation
Hotel Los Angeles, 225,8.3,3518,very good,Free Cancellation
Naomiâs House, 232,9.1,175,wonderful,Free Cancellation
Hotel Carmen Boutique, 208,9.2,2333,wonderful,Free Cancellation
Hotel CariÃ±ena, 280,7.9,906,good,Free Cancellation
Posada de la Costurera de Aranjuez, 280,8.9,1476,excellent,Free Cancellation
Hostal Villa de Navarrete, 180,8.3,884,very good,Free Cancellation
Camping tres estrellas MediterrÃ¡neo, 218,8.4,363,very good,No Free Cancellation
Hotel J. Balmes Vic, 321,8.3,919,very good,Free Cancellation
Apartamento Adan, 248,8.6,26,excellent,No Free Cancellation
Lagarto Hostel Tenerife, 159,8.7,721,excellent,Free Cancellation
Piso cÃ©ntrico prÃ³ximo a la playa, 200,8.9,59,excellent,Free Cancellation
Hotel Segle XX, 297,8.3,1078,very good,Free Cancellation
Hotel Araxa - Adults Only, 348,8.5,2871,very good,Free Cancellation
Atico Baviera Golf-Playa, 280,8.7,75,excellent,Free Cancellation
Hotel 2 de mayo 2, 180,7.4,430,good,Free Cancellation
Hotel Castillo, 256,8.3,1242,very good,Free Cancellation
Coral House - La Calma - Playa Flamenca - big terrace & 4 Swimming pools., 312,8.7,23,excellent,No Free Cancellation
Apartahotel & Spa Jacetania, 316,8.7,2526,excellent,Free Cancellation
Aspasios Rambla Catalunya Apartments," 1,621",8.7,1796,excellent,Free Cancellation
Hotel Reconquista, 238,7.7,969,good,No Free Cancellation
Eurostars Madrid Foro, 468,9,2387,wonderful,Free Cancellation
URH Ciutat de MatarÃ³, 294,7.2,1908,good,Free Cancellation
Hotel Navarro, 200,8.5,787,very good,Free Cancellation
Hotel Gran Sol De Extremadura, 216,9,1141,wonderful,Free Cancellation
La Mina de Vega, 230,9.1,54,wonderful,Free Cancellation
"AC Hotel Guadalajara by Marriott, Spain", 337,8.3,2223,very good,Free Cancellation
Posada RincÃ³n del Pas, 300,8.9,146,excellent,Free Cancellation
CAMPING LA ZARAPICA - Palacios del Sil, 207,9.2,168,wonderful,No Free Cancellation
Hotel Anabel Baza, 248,7.6,737,good,Free Cancellation
Apartamentos Alquitara, 288,8.7,1602,excellent,Free Cancellation
Hotel Eguren Ugarte, 507,9,1706,wonderful,Free Cancellation
Nuestra SeÃ±ora del Carmen, 300,9,514,wonderful,Free Cancellation
Casa rural Llana 12, 320,9.6,177,exceptional,Free Cancellation
Hotel BarÃº, 236,8.9,3476,excellent,Free Cancellation
Hostal Illes PitiÃ¼ses, 290,8.1,1712,very good,Free Cancellation
Sercotel Valladolid, 287,8.3,6718,very good,Free Cancellation
Sol y Luz, 240,9.3,153,wonderful,Free Cancellation
Apartamentos Vista Alegre Mallorca, 346,8.6,926,excellent,No Free Cancellation
Hospedium Aloque BOUTIQUE PLAZA, 268,8.8,420,excellent,Free Cancellation
Apartamento Calipso, 203,8.2,119,very good,Free Cancellation
Hotel Bruselas, 232,8.8,1010,excellent,Free Cancellation
Posada Venero, 336,9.2,504,wonderful,Free Cancellation
Villa Helene, 848,9.5,44,exceptional,Free Cancellation
Hostal Antxitonea, 352,8.8,963,excellent,Free Cancellation
Ama Islantilla Resort, 320,8.7,2478,excellent,Free Cancellation
Casa ARCO IRIS avec Jardin et Terrasse - piscine et jacuzzi partagÃ©s - by Cathy Ducoin, 315,9.5,18,exceptional,No Free Cancellation
CH Casa Marie Benimar, 414,No Score,No Reviews,no review text,No Free Cancellation
Hotel Vejo, 256,8.1,1271,very good,Free Cancellation
Albergue Restaurante Casa Herminia, 320,8.6,543,excellent,Free Cancellation
Hotel Parada Puigcerda, 347,8.4,3137,very good,Free Cancellation
Lagunilla Rural, 245,9.1,21,wonderful,No Free Cancellation
Hostal la Catedral, 260,7.6,1172,good,Free Cancellation
Hotel Costa Andaluza, 204,6.3,1221,wonderful,Free Cancellation
Hostal ExtremeÃ±o, 240,9,1041,wonderful,Free Cancellation
Eurohotel CastellÃ³n, 288,8,3123,very good,No Free Cancellation
Casa Lili, 198,8.5,1537,very good,No Free Cancellation
Hospedaje Lisboa Algeciras, 200,8.5,1482,very good,Free Cancellation
ArguineguÃ­n Park By Servatur, 983,9,1820,wonderful,No Free Cancellation
Rural House Mercedes-Solarium & Nature Views, 645,8.7,70,excellent,No Free Cancellation
Cortes valencianas 45, 412,9,42,wonderful,Free Cancellation
Hotel La Parra, 120,8.1,303,very good,Free Cancellation
B&B HOTEL Granada, 196,8.3,2854,very good,No Free Cancellation
Hotel Veracruz Plaza & Spa, 292,8.7,1976,excellent,Free Cancellation
Hotel Sol SanlÃºcar, 160,7.6,2387,good,Free Cancellation
"Moncofar Beach, a 5 min andando de la playa, con Parking Gratuito y Piscina abierta durante todo el aÃ±o", 367,No Score,No Reviews,no review text,No Free Cancellation
Alojamiento Rural Los Delfines, 228,8.3,673,very good,Free Cancellation
La Fuensanta Hostal-Rural, 280,8.6,1136,excellent,Free Cancellation
"VV EL CHARCO, El Hierro", 260,8.9,98,excellent,Free Cancellation
Atico Gades de la Catedral, 415,9.5,73,exceptional,No Free Cancellation
Hostal Caracas, 192,8.4,483,very good,Free Cancellation
Cala cosy, 239,9.6,23,exceptional,No Free Cancellation
Cortijo Esquina B&B Guesthouse, 160,9.5,353,exceptional,No Free Cancellation
Iberostar Waves Royal Andalus, 361,8.7,2500,excellent,No Free Cancellation
CASA SABINA, 374,8.2,520,very good,Free Cancellation
Complejo Rural Rio Tus, 368,9.1,133,wonderful,Free Cancellation
Apartamento a 5 minutos de la playa de Levante, 474,No Score,No Reviews,no review text,No Free Cancellation
Sosiego Hostal de Mar, 216,9.3,817,wonderful,Free Cancellation
Apartament Aguamarina Cabo Roig, 259,No Score,No Reviews,no review text,No Free Cancellation
"Holiday Inn Express Sant Cugat, an IHG Hotel", 392,8.4,4891,very good,No Free Cancellation
Santa Rita Rita B&B, 223,8.3,823,very good,No Free Cancellation
Hostal Rio de Oro, 200,8.1,367,very good,Free Cancellation
Hotel Mavi, 260,7.8,1290,good,Free Cancellation
VillaDolores, 280,8.5,322,very good,Free Cancellation
ibis budget Alicante, 177,7.1,5327,good,No Free Cancellation
FERGUS Cactus Garden, 504,7.9,1148,good,Free Cancellation
Villas el Alto, 601,8.8,477,excellent,Free Cancellation
"Apartamento con piscina en Garrucha, Vera", 288,No Score,No Reviews,no review text,No Free Cancellation
LA JARANA Casa Hotel, 281,9.5,446,exceptional,Free Cancellation
Malaga Stop Hostel AB, 248,8.2,3652,very good,Free Cancellation
Payet Apartments, 329,8.1,560,very good,Free Cancellation
La Lonja, 264,8.1,6574,very good,No Free Cancellation
HospederÃ­a Monasterio de La Vid, 372,9,1394,wonderful,Free Cancellation
Hostal Talamanca, 334,7.8,1163,good,Free Cancellation
El Baciyelmo, 288,9.7,325,exceptional,Free Cancellation
Apartamentos Sierra de Segura, 216,9,703,wonderful,Free Cancellation
Hotel Miramar, 180,6,1412,good,Free Cancellation
Hotel Rural Vilaflor Self check in 24h, 198,7.1,1065,good,No Free Cancellation
Hotel Las Fuentes, 232,8,581,very good,Free Cancellation
Hotel Duc de VendÃ´me, 272,8.2,1438,very good,Free Cancellation
Pey Resort, 245,8.1,989,very good,Free Cancellation
Hotel Arimune, 340,9.1,1731,wonderful,Free Cancellation
Sagitario Hostal Ciutadella, 256,8.9,1535,excellent,Free Cancellation
Casa del Herrero, 266,9.6,131,exceptional,Free Cancellation
Hotel Familia Conde, 216,8.2,4105,very good,No Free Cancellation
Hostal RIO SELMO, 180,8.2,1651,very good,Free Cancellation
Hotel Casa Jurjo, 276,8.7,607,excellent,Free Cancellation
Apartamentos Son Bou Gardens By MENORCARENTALS, 298,7.5,901,good,No Free Cancellation
"Holiday Inn Express Pamplona, an IHG Hotel", 256,8.7,3079,excellent,No Free Cancellation
Pueblito La Zenia Beach, 300,8.7,91,excellent,Free Cancellation
Roda Golf Resort Los Alcazares, 247,9.2,28,wonderful,Free Cancellation
